Name,Manufacturer Name,Product Family Name,Product Name,Software Acquisition Method,GUID,Description,Link 1
.NET Foundation WiX (WiX Toolset),.NET Foundation,,WiX Toolset,Commercial-off-the-Shelf (COTS),50028660-9e4d-11e3-74c2-005056975ac8,To be used when installing a in-house developed software package on a desktop/workstation.,https://www.dotnetfoundation.org
1099 Pro 8966 Pro,1099 Pro,,8966 Pro,Commercial-off-the-Shelf (COTS),63aa7d30-1938-11e7-2a04-005056976851,FATCA 8966 tax form management and IRS reporting.,https://www.1099pro.com/prod-FATCA-8966-Software.asp
1099 Pro CRS Software,1099 Pro,,CRS Software,Commercial-off-the-Shelf (COTS),6e12a931-792f-11e7-2a04-005056976851,Common Reporting Standard (CRS) tax form management and IRS reporting.,https://www.1099pro.com/prod-Common-Reporting-Standard-CRS-Software.asp
Accusoft PrizmDoc Server,Accusoft,PrizmDoc,PrizmDoc,Commercial-off-the-Shelf (COTS),c11e5121-7320-11ec-0bfe-005056bd83df,"Through a collection of UI components and content manipulation APIs, the PrizmDoc Suite helps web developers embed document viewing, editing, processing, and conversion into their applications with ease. Our functionality integrates on the client and server side smoothly, creating a seamless experience for both you and your users.",https://www.accusoft.com/products/prizmdoc-suite/
Acro Software CutePDF,Acro Software,,CutePDF,Commercial-off-the-Shelf (COTS),a0c33351-2b0b-11e5-2a04-005056976851,PDF Printer,http://www.cutepdf.com/
Actian PSQL,Actian,,PSQL,Commercial-off-the-Shelf (COTS),e65318a1-be52-11e6-2a04-005056976851,,https://www.actian.com/
ActivePDF Server,ActivePDF,,Server,Commercial-off-the-Shelf (COTS),213688c0-72c4-11ea-4383-005056bd33fb,"Server by ActivePDF is the print-to-PDF enterprise application for converting anything printable to PDF. Developed for use in high-volume business environments, Server is a scalable PDF printing solution.",https://www.activepdf.com/products/toolkit
Adobe Systems Creative Cloud,Adobe Systems,,Creative Cloud,Commercial-off-the-Shelf (COTS),71fd00b1-c07d-11e6-2a04-005056976851,Design tools,https://www.adobe.com/
Adobe Systems InCopy,Adobe Systems,,InCopy,Commercial-off-the-Shelf (COTS),ff04f2f7-723f-11e7-2a04-005056976851,,https://www.adobe.com/
Alegeus Technologies IVR,Alegeus Technologies,,IVR,Commercial-off-the-Shelf (COTS),04928521-6b01-11e7-2a04-005056976851,Integrated Voice Response (IVR) Platform,https://www.alegeus.com/
Alegeus Technologies MyWealthCareOnline Portal (WCP),Alegeus Technologies,,MyWealthCareOnline (WCP),Commercial-off-the-Shelf (COTS),edcee9e1-6183-11e7-2a04-005056976851,"Website for HSA/HRA/Flex participants to access necessary change and admin forms and general information on the public website. The secured site allows them to check balances, claim status, and all deposits.",https://www.mywealthcareonline.com/wcpdemo/
Alegeus Technologies WealthCare Administration (WCA),Alegeus Technologies,,WealthCare Administration (WCA),Commercial-off-the-Shelf (COTS),6d207201-19eb-11e5-2a04-005056976851,Reimbursement Account administration system.,https://www.wealthcareadmin.com/default.aspx
Alegeus Technologies WealthCare Administration (WCA) API,Alegeus Technologies,,WealthCare Administration (WCA),Commercial-off-the-Shelf (COTS),9cc95940-d081-11e8-4383-005056bd33fb,Alegeus WealthCare RESTful Web Service,https://www.alegeus.com/
Alegeus Technologies WealthCare Invoicing (WCI),Alegeus Technologies,,WealthCare Invoicing (WCI),Commercial-off-the-Shelf (COTS),2d0d33b1-68c7-11e7-2a04-005056976851,Invoice and Billing administration.,https://www.alegeus.com/
Alteryx Designer,Alteryx,,Designer,Commercial-off-the-Shelf (COTS),cc06b2c0-d5b5-11eb-678f-005056bd83df,"Alteryx Designer is a solution that accelerates the process of data preparation, blending and analysis. It streamlines predictive, statistical and spatial analysis with the help of repeatable workflows, allowing creation and sharing of insights in hours instead of weeks.",https://www.alteryx.com/products/alteryx-platform/alteryx-designer
Altova MissionKit,Altova,,MissionKit,Commercial-off-the-Shelf (COTS),f0778330-a932-11e3-74c2-005056975ac8,Development Toolkit,https://www.altova.com/missionkit
Altova XMLSpy,Altova,,XMLSpy,Commercial-off-the-Shelf (COTS),4b69fbb2-a933-11e3-74c2-005056975ac8,XML Editor and Development Tool,https://www.altova.com/xmlspy-xml-editor
American Fidelity 1099 Tax Reporting Process,American Fidelity,,1099 Tax Reporting Process,Custom Build,5c8780d0-53bf-11e3-74c2-005056975ac8,Produce IRS 1099 tax files sent to Thomson Reuters to process 1099 forms for AFA Customers.,
American Fidelity AFenroll,American Fidelity,,AFenroll,Custom Build,a17cfff0-76c8-11e7-2a04-005056976851,Web-based enrollment platform.  Used for AFA product-only and full-benefit enrollments.  Agent-assisted and self-service enroll options available.,https://americanfidelity.visualstudio.com/AFenroll%202.0
American Fidelity AFIBL Public Website (afibl.com),American Fidelity,AFIBL,AFIBL,Custom Build,01e37620-9e60-11e3-74c2-005056975ac8,AFIBL Public ,https://afibl.com/
American Fidelity AFPro Billing,American Fidelity,,AFPro Billing,Custom Build,e00f5e71-f3f9-11e8-4383-005056bd33fb,Enables Employer Services Colleague to view or download Employer Invoice.,
American Fidelity AFweb,American Fidelity,,AFweb,Custom Build,e9569f40-81ec-11e3-74c2-005056975ac8,AFA Corporate intranet site.,https://myafweb.com/
American Fidelity Cash Suspense (SUSP),American Fidelity,,Cash Suspense (SUSP),Custom Build,a22678b2-770c-11e3-74c2-005056975ac8,Helps balance premium. Any premium received that is not immediately posted is retained in the cash suspense system for accounting purposes.,
American Fidelity Claims Adjudication (CLAD),American Fidelity,,Claims Adjudication (CLAD),Custom Build,bad26a90-1e4b-11e4-74c2-005056975ac8,Allows Claims Benefits Colleagues to adjudicate and pay claims.  Houses all business rules related to automatic claims adjudication.,https://americanfidelity.visualstudio.com/Claims%20Adjudication
American Fidelity Company Store Portal (af.robynstores.com/store/),American Fidelity,,Company Store (af.robynstores.com/store/),Commercial+Custom Build,b5164f41-8414-11e7-2a04-005056976851,AFA Company store,https://af.robynstores.com/store/catalog
American Fidelity General Ledger (GL),American Fidelity,,General Ledger (GL),Custom Build,a22678cc-770c-11e3-74c2-005056975ac8,Mainframe system prior to PeopleSoft implementation  GLOE accessed via option 9 in ACTG.,
American Fidelity Public Website (americanfidelity.com),American Fidelity,,Public Website (americanfidelity.com),Custom Build,a22407b7-770c-11e3-74c2-005056975ac8,"AFA public website providing product information, employment information, forms, direct contact with service departments, and various other information to support customer service, marketing and producer recruitment.",https://americanfidelity.com/
Apple Safari,Apple,,Safari,Commercial-off-the-Shelf (COTS),1a06edb2-dd1a-11e8-4383-005056bd33fb,Web browser,https://www.apple.com
Arcserve Backup,Arcserve,,Backup,Commercial-off-the-Shelf (COTS),7c4124a0-69e6-11ea-4383-005056bd33fb,,https://www.arcserve.com/
Articulate Global Articulate 360,Articulate Global,,Articulate 360,Commercial-off-the-Shelf (COTS),d6c32990-dd1b-11e8-4383-005056bd33fb,,https://articulate.com/
ASG Technologies Rochade,ASG Technologies ,,Rochade,Commercial-off-the-Shelf (COTS),b33a8620-508f-11e4-74c2-005056975ac8,"ASG's Enterprise Metadata Repository maximizes the business value of data, and helps IT organizations see the value in their data and information assets. It provides business and technical users with source-to-target data lineage and quick data facts about their data and systems across the enterprise. ASG's Enterprise Metadata Repository supports Data Management and Governance, Regulatory Compliance, and Impact Analysis. It provides supports for both distributed and mainframe environments and a wide variety of databases, ETL tools, Data Warehouse, and Business Intelligence technologies.",https://www.asg.com/en/Smart-Catalog/ASG-Data-Intelligence-Metadata-Repository.aspx
Aspose Aspose.Pdf for .NET,Aspose,,Aspose.Pdf for .NET,Commercial-off-the-Shelf (COTS),d6311221-200b-11e9-4383-005056bd33fb,"Aspose.PDF for .NET is an advanced PDF Processing API for .NET Core to perform document management and manipulation tasks within cross-platform applications. API can easily be used to generate, modify, convert, render, secure and print documents without using Adobe Acrobat. Moreover, API offers compression options, table creation & manipulation, graph & image functions, extensive hyperlink functionality, stamp and watermark tasks, extended security controls and custom font handling.",https://www.aspose.com/
Aspose Aspose.Total for .NET,Aspose,,Aspose.Total for .NET,Commercial-off-the-Shelf (COTS),d62ea120-200b-11e9-4383-005056bd33fb,"Manipulate Word, Excel, PDF, PowerPoint, Outlook and more than 100 other file formats using our native APIs for .NET, Java, Android, C++ and other Platforms.",https://www.aspose.com/
Asysco Lion,Asysco,,Lion,Commercial-off-the-Shelf (COTS),a22678d6-770c-11e3-74c2-005056975ac8,"The Asysco Migration Technology (AMT) Framework offers automated migration of Unisys mainframe applications and transforms Unisys Linc code to AMT LION.  AMT LION is a highly productive, Object Oriented, language supported by a fully functional Integrated Development Environment (IDE), Application Management (Operations) Center and Runtime Framework.",https://www.asysco.com/amt-lion/
Atlassian JIRA,Atlassian,,JIRA,Commercial-off-the-Shelf (COTS),4ac30ef1-7b7b-11e6-2a04-005056976851,Issue Tracking and Project Management,https://www.atlassian.com/software/jira
BCL Technologies easyPDF,BCL Technologies,,easyPDF,Commercial-off-the-Shelf (COTS),66afba11-1f2d-11e5-2a04-005056976851,PDF Printer,http://www.bcltechnologies.com/
Benaissance COBRApoint,Benaissance,,COBRApoint,Commercial-off-the-Shelf (COTS),61715070-9001-11e3-74c2-005056975ac8,"COBRApoint is the Benaissance secure cloud-based platform designed to simplify and easily manage the complex financial and compliance requirements of COBRA and Direct Bill programs for benefit administrators. COBRApoint is the health benefit industry s leading, enterprise-class, central system of record for COBRA, HIPAA, and State Continuation administration. This premium billing and payment solution is more than COBRA software or a retiree billing system, it is designed to run a multi-employer COBRA and Direct Bill business with unlimited scale and maximum efficiency through integrated software and BPO services.",https://cobrapoint.benaissance.com
Biscom LincPDF,Biscom,,LincPDF,Commercial-off-the-Shelf (COTS),114fba21-10b7-11ec-678f-005056bd83df,,https://www.biscom.com/
BizAgi Modeler,BizAgi,,Modeler,Commercial-off-the-Shelf (COTS),6808f860-fe2a-11e8-4383-005056bd33fb,"Free, intuitive, and collaborative business process mapping software used by millions of people across the globe. Bizagi Modeler enables organizations to create and document business processes in a central cloud repository to gain a better understanding of each step and identify process improvement opportunities to increase organizational efficiency.",https://www.bizagi.com/en
BizAgi Studio,BizAgi,,Studio,Commercial-off-the-Shelf (COTS),a909bff0-63cf-11ea-4383-005056bd33fb,"Bizagi Studio enables business and IT teams to transform any business process and deliver end-to-end digital process automation across the organization. The platform’s powerful drag and drop interface makes automating Classic, Experience-Centric, Tactical or Ad-Hoc processes simple, creating personalized and contextualized experiences for knowledge workers.",https://www.bizagi.com/en
BMC Control-M Workload Archiving,BMC,Control-M,Workload Archiving,Commercial-off-the-Shelf (COTS),ebe20939-655b-11ea-4383-005056bd33fb,,https://www.bmc.com/
BottomLine Technologies Transform,BottomLine Technologies,,Transform,Commercial-off-the-Shelf (COTS),9363f920-94de-11e3-74c2-005056975ac8,Document Process Automation / Document Lifecycle Management platform.,https://www.bottomline.com/us/products/bottomline-transform-suite
Boundless Network T-3 Promo Store,Boundless Network,,T-3 Promo Store,Commercial-off-the-Shelf (COTS),c19748c0-2ae7-11e9-4383-005056bd33fb,,http://t-3.promo/
Brave Software Browser (Brave Browser),Brave Software,,Browser (Brave Browser),Commercial-off-the-Shelf (COTS),7b88a310-17e3-11ec-678f-005056bd83df,"The Brave browser is a fast, private and secure web browser for PC, Mac and mobile.",https://brave.com/
Broadcom TLMS Tape Management,Broadcom,,TLMS Tape Management,Commercial-off-the-Shelf (COTS),935d3c75-3f42-11e4-74c2-005056975ac8,z/OS tape data set and volume management,https://www.broadcom.com/
Cireson Asset Management,Cireson,,Asset Management,Commercial-off-the-Shelf (COTS),6821f890-7aa8-11e6-2a04-005056976851,Cireson Asset Management natively integrates with Microsoft Service Manager to manage every hardware (HAM) and software (SAM) asset from purchase to retirement.,http://cireson.com/
Cisco StealthWatch,Cisco,StealthWatch,StealthWatch,Commercial-off-the-Shelf (COTS),2b055711-ce3c-11e8-4383-005056bd33fb,,https://www.cisco.com/c/en/us/index.html
Cisco WebEx,Cisco,WebEx,WebEx,Commercial-off-the-Shelf (COTS),01c81ef1-3716-11e7-2a04-005056976851,WebEx Meetings,https://www.cisco.com/c/en/us/index.html
Citrix Receiver,Citrix,,Receiver,Commercial-off-the-Shelf (COTS),8fb2df61-94db-11e3-74c2-005056975ac8,Server application for application virtualization,https://www.citrix.com/
Citrix Virtual Apps and Desktops (CVAD),Citrix,,Virtual Apps and Desktops (CVAD),Commercial-off-the-Shelf (COTS),8fb2df60-94db-11e3-74c2-005056975ac8,Server application for desktop virtualization,https://www.citrix.com/
COBRA Solutions Administration Manager,COBRA Solutions,,Administration Manager,Commercial-off-the-Shelf (COTS),4eb2b100-730f-11ec-0bfe-005056bd83df,,https://www.cobrasolutions.com/
CollabNet AnkhSVN,CollabNet,,AnkhSVN,Commercial-off-the-Shelf (COTS),6efae520-a885-11e3-74c2-005056975ac8,Subversion source control provider for Microsoft Visual Studio,https://www.collab.net/
CollabNet Subversion Edge,CollabNet,,Subversion Edge,Commercial-off-the-Shelf (COTS),9cb55580-98e1-11e3-74c2-005056975ac8,,https://www.collab.net/products/subversion
CORPTAX Office (Corptax Office),CORPTAX,,Office (Corptax Office),Commercial-off-the-Shelf (COTS),747580d0-f0a4-11e7-4383-005056bd33fb,,https://corptax.com/
Crestron Electronics Fusion RV (RoomView),Crestron Electronics,,Fusion RV (RoomView),Commercial-off-the-Shelf (COTS),d5d65660-7ee2-11e4-74c2-005056975ac8,"The AV and technology management component of Crestron Fusion . View room status, track maintenance on devices, schedule end-of-day shutdown, book meetings in rooms, provide remote help desk assistance, capture and distribute multimedia presentations...",https://www.crestron.com/
Crestron Electronics Studio,Crestron Electronics,,Studio,Commercial-off-the-Shelf (COTS),df6bc2d5-c0af-11e6-2a04-005056976851,Unified programming and GUI Design platform.,https://www.crestron.com/
Crestron Electronics Toolbox,Crestron Electronics,,Toolbox,Commercial-off-the-Shelf (COTS),b3a6a9c1-c0b0-11e6-2a04-005056976851,Configuration and diagnostics applications for Crestron devices.,https://www.crestron.com/
CyberArk Application Identity Manager (AIM),CyberArk,,Application Identity Manager (AIM),Commercial-off-the-Shelf (COTS),fab698b0-f246-11e3-74c2-005056975ac8,Eliminates hardcoded passwords.,https://www.cyberark.com/
DataGroomr DataGroomr,DataGroomr,,DataGroomr,Commercial-off-the-Shelf (COTS),6c1b6370-c489-11eb-678f-005056bd83df,Salesforce data deduplication.,https://datagroomr.com/
DataRobot DataRobot Cloud,DataRobot,,DataRobot Cloud,Commercial-off-the-Shelf (COTS),9b2c6a90-e11d-11e7-4383-005056bd33fb,AI-driven Data Analysis and Machine Learning platform.,https://www.datarobot.com/
Datawatch Monarch,Datawatch,,Monarch,Commercial-off-the-Shelf (COTS),0d665440-730a-11ec-0bfe-005056bd83df,"Monarch is a Windows-based Report Mining tool, providing data acquisition and business intelligence for everyone in the organization. Once Monarch has mined desired data from reports, PDFs and other sources, end users can then easily analyze the data, including sorting and filtering data; creating new calculated fields; summarizing data with subtotals and grand totals and automatic graphs; and, at any time, export data to MS Excel, Access, and a wide variety of other file formats.",https://www.altair.com/monarch/
Didier Stevens PDF Tools,Didier Stevens,,PDF Tools,Commercial-off-the-Shelf (COTS),78e96e00-83d8-11ea-4383-005056bd33fb,,http://didierstevenslabs.com/products.html
Docker Docker,Docker,,Docker,Commercial-off-the-Shelf (COTS),8cdd5091-15e1-11e9-4383-005056bd33fb,,https://www.docker.com
Don HO Notepad++,Don HO,,Notepad++,Commercial-off-the-Shelf (COTS),a0583ae1-d439-11e6-2a04-005056976851,Source code and text editor,https://notepad-plus-plus.org/
Dynatrace dynaTrace,Dynatrace,,dynaTrace,Commercial-off-the-Shelf (COTS),5ac19a30-e934-11ea-4383-005056bd33fb,Application Performance Monitoring (APM),www.dynatrace.com
"Eclipse Foundation, The IDE (Eclipse IDE)","Eclipse Foundation, The",,IDE (Eclipse IDE),Commercial-off-the-Shelf (COTS),1cda6ba0-5e18-11e4-74c2-005056975ac8,"The essential tools for any Java developer, including a Java IDE, a CVS client, Git client, XML Editor, Mylyn, Maven integration and WindowBuilder",https://www.eclipse.org/ide/
Enghouse Interactive Communications Center,Enghouse Interactive,,Communications Center,Commercial-off-the-Shelf (COTS),299784b0-838d-11e3-74c2-005056975ac8,Contact Center platform,http://www.enghouseinteractive.com
Enghouse Interactive Communications Portal (CP),Enghouse Interactive,,Communications Portal (CP),Commercial-off-the-Shelf (COTS),422b1d21-689f-11e7-2a04-005056976851,"Self-service platform - IVR, speech recognition, touch-tone, etc.",http://www.enghouseinteractive.com
Enghouse Interactive Enghouse Contact Center (CCE),Enghouse Interactive,,Enghouse Contact Center (CCE),Commercial-off-the-Shelf (COTS),0bb63750-67a4-11ea-4383-005056bd33fb,"Enghouse Interactive’s Contact Center: Enterprise or CCE (formerly Syntellect CIM) is a highly adaptable, omni-channel platform that enables contact centers to deliver a superior customer experience, ensuring the customer reaches the right resource anytime, anywhere, and anyhow. A data-driven, omni-channel routing engine delivers customer interactions to a unified queue giving agents comprehensive access to the entire customer interaction lifecycle—past, present, and future—across all communication channels, increasing agent productivity and effectiveness as well as improving overall contact center performance. With its distributed, highly scalable and resilient architecture, enterprises have the flexibility to deploy CCE on premise, in the cloud, or via a hybrid configuration. CCE is built for optimizing costs and meeting your enterprise contact center needs as your business grows.",http://www.enghouseinteractive.com
erwin Data Modeler,erwin,,Data Modeler,Commercial-off-the-Shelf (COTS),54096500-a887-11e3-74c2-005056975ac8,Data modeling software,https://erwin.com
EXLService Holdings LifePRO,EXLService Holdings,,LifePRO,Commercial-off-the-Shelf (COTS),cc265d40-8460-11e3-74c2-005056975ac8,Administers Life Products for the Life Division. ,https://www.exlservice.com/
F5 Networks Edge Client,F5 Networks,BIG-IP,Edge Client,Commercial-off-the-Shelf (COTS),beb002b1-74ff-11ea-4383-005056bd33fb,,https://www.f5.com/
Facebook Facebook,Facebook,,Facebook,Commercial-off-the-Shelf (COTS),4918a541-3600-11e5-2a04-005056976851,Social networking channel.,https://www.facebook.com/amfidelity
Flight Tax Systems Flight Tax Systems,Flight Tax Systems,,Flight Tax Systems ,Commercial-off-the-Shelf (COTS),10e09660-426d-11e4-74c2-005056975ac8,Website based software to computer the personal use of company airplances and cost disallowance for income taxes of company airplanes..,https://flighttaxsystems.com/
FreshBooks FreshBooks,FreshBooks,,FreshBooks,Commercial-off-the-Shelf (COTS),c609cef0-daca-11e7-4383-005056bd33fb,,https://www.freshbooks.com/
Google Analytics,Google,,Analytics,Commercial-off-the-Shelf (COTS),cf35d9e1-16b6-11e5-2a04-005056976851,,https://www.google.com
Google Chrome,Google,,Chrome,Commercial-off-the-Shelf (COTS),d29a9730-b06c-11e3-74c2-005056975ac8,Web browser,https://www.google.com
Greenshot Greenshot,Greenshot,,Greenshot,Commercial-off-the-Shelf (COTS),c850a601-c399-11e6-2a04-005056976851,Windows screen capture utility.,http://getgreenshot.org/downloads/
Hyland OnBase,Hyland,OnBase,OnBase,Commercial-off-the-Shelf (COTS),9701b960-8a54-11ea-4383-005056bd33fb,,https://www.onbase.com/en/
IBM Data Facility Hierarchical Storage Manager (DFHSM),IBM,,Data Facility Hierarchical Storage Manager (DFHSM),Commercial-off-the-Shelf (COTS),824eaeb1-77b5-11e7-2a04-005056976851,Hierarchical storage management (HSM) provides an automatic way of managing and distributing data between the different storage layers in order to meet the users' needs for accessing data while minimizing the overall cost.,https://www.ibm.com/
IBM Security AppScan,IBM,Rational,Security AppScan,Commercial-off-the-Shelf (COTS),24b2fe51-c23e-11e6-2a04-005056976851,"IBM Security AppScan Enterprise enables organizations to mitigate application security risk, strengthen application security program management initiatives and achieve regulatory compliance.",http://www-03.ibm.com/software/products/en/appscan-enterprise
Idera ER/Studio Data Architect 18 (18.2),Idera,ER/Studio,Data Architect,Commercial-off-the-Shelf (COTS),06f346d0-88bb-11ea-4383-005056bd33fb,,https://www.idera.com/
Idera ER/Studio Software Architect 18 (18.0),Idera,ER/Studio,Software Architect,Commercial-off-the-Shelf (COTS),06f801c1-88bb-11ea-4383-005056bd33fb,,https://www.idera.com/
Igloo Software Igloo,Igloo Software,,Igloo,Commercial-off-the-Shelf (COTS),03951340-ab8d-11e8-4383-005056bd33fb,AFWeb replacement,https://www.igloosoftware.com
Igor Pavlov 7-Zip,Igor Pavlov,,7-Zip,Commercial-off-the-Shelf (COTS),289f8bb0-3dbf-11e4-74c2-005056975ac8,File compression archive utility.,https://www.7-zip.org/
iGrafx FlowCharter Desktop Client,iGrafx,iGrafx,FlowCharter Desktop Client,Commercial-off-the-Shelf (COTS),b1467e90-218d-11e4-74c2-005056975ac8,Processing modeling and analysis tool,https://www.igrafx.com/
Inedo ProGet,Inedo,,ProGet,Commercial-off-the-Shelf (COTS),2b0467d1-1c18-11e5-2a04-005056976851,"Package Management Server for NuGet, Chocolatey, OneGet & npm.",https://inedo.com/
Infosys VPAS Customer Service Work Desk (CSWD),Infosys,McCamish,VPAS Platform,Commercial-off-the-Shelf (COTS),e19c5360-6bc5-11eb-678f-005056bd83df,"VPAS CSWD blends the flexibility and configurability of the leading Business Process Management (BPM) software from Pegasystems, with the comprehensive VPAS® Policy Administration System from Infosys McCamish to create a powerful and unique web-based customer service platform to enhance operational excellence and customer experience.",https://www.infosysbpm.com/mccamish/platforms/vpas-platform/
Infosys VPAS Platform 5.6,Infosys,McCamish,VPAS Platform,Commercial-off-the-Shelf (COTS),1765c328-4bac-11e3-74c2-005056975ac8,"Supports many types of life insurance and annuities products and markets. Includes policy administration for such functions as new business setup, agent/agency definition, billing, remittance, surrenders, loans, investments, and so forth, compliance testing and undo/redo capability.",https://www.infosysbpm.com/mccamish/platforms/vpas-platform/
Intuit QuickBooks,Intuit,QuickBooks,QuickBooks,Commercial-off-the-Shelf (COTS),9420af21-1b90-11e7-2a04-005056976851,Financial and accounting.,https://www.intuit.com/
Intuit TurboTax,Intuit,TurboTax,TurboTax,Commercial-off-the-Shelf (COTS),0880f9f4-67c5-11ea-4383-005056bd33fb,,https://www.intuit.com/
Ivanti Application Manager Console,Ivanti,,Application Manager,Commercial-off-the-Shelf (COTS),3ef1cf40-1495-11ec-678f-005056bd83df,,https://www.ivanti.com/
Ivanti Environment Manager Console,Ivanti,,Environment Manager,Commercial-off-the-Shelf (COTS),cb91d960-a565-11e3-74c2-005056975ac8,User Profile Management,https://www.ivanti.com/
Jenkins CI Jenkins,Jenkins CI,,Jenkins,Commercial-off-the-Shelf (COTS),2e7b9570-9e45-11e3-74c2-005056975ac8,Continuous Integration,https://jenkins.io/
JetBrains ReSharper,JetBrains,,ReSharper,Commercial-off-the-Shelf (COTS),acff8c00-2962-11e4-74c2-005056975ac8,Code inspection too for visual studio   ,https://www.jetbrains.com
JetBrains Toolbox,JetBrains,,Toolbox,Commercial-off-the-Shelf (COTS),7ea45651-1493-11ec-678f-005056bd83df,,https://www.jetbrains.com
Kofax Power PDF,Kofax,,Power PDF,Commercial-off-the-Shelf (COTS),ef39d263-685e-11ea-4383-005056bd33fb,"With Power PDF you get all the tools necessary to annotate, markup, secure and compress PDF plus additional features only available from Nuance for document conversion, search, connectivity and more.",https://www.kofax.com/
LogicMonitor LogicMonitor SaaS (SaaS),LogicMonitor,,LogicMonitor,Commercial-off-the-Shelf (COTS),b2d29ca0-87f0-11eb-678f-005056bd83df,"LogicMonitor provides extensive visibility into hybrid infrastructure environments. With 2000+ monitoring integrations built-in, we help eliminate tool sprawl and context switching with a unified view of infrastructure health and performance. Monitor resource utilization, network usage and performance, and other critical infrastructure metrics.",https://www.logicmonitor.com/
LogMeIn Rescue,LogMeIn,,Rescue,Commercial-off-the-Shelf (COTS),b6f141b0-2870-11e4-74c2-005056975ac8,Remotely access PC/Mac device over the web or from mobile device.,https://www.logmein.com/
Majesco Policy for L&A and Group,Majesco,,Policy for L&A and Group,Commercial-off-the-Shelf (COTS),bcd6dcd0-15e6-11e9-4383-005056bd33fb,,https://www.majesco.com/
Microsoft .NET Framework,Microsoft,.NET,Framework,Commercial-off-the-Shelf (COTS),5a653e40-7394-11ea-4383-005056bd33fb,,https://www.microsoft.com/
Microsoft Access,Microsoft,Office,Access,Commercial-off-the-Shelf (COTS),fda5ba20-a088-11e3-74c2-005056975ac8,Database application included with Microsoft Office,https://www.microsoft.com/
Microsoft API Management,Microsoft,Azure,API Management,Commercial-off-the-Shelf (COTS),92a3fb10-a406-11e9-4383-005056bd33fb,,https://azure.microsoft.com/en-us/services/api-management/
Microsoft Azure Data Studio,Microsoft,Azure,Data Studio,Commercial-off-the-Shelf (COTS),f6cd0a60-1a19-11ec-678f-005056bd83df,"Azure Data Studio is a cross-platform database tool for data professionals who use on-premises and cloud data platforms on Windows, macOS, and Linux.  Azure Data Studio offers a modern editor experience with IntelliSense, code snippets, source control integration, and an integrated terminal. It's engineered with the data platform user in mind, with the built-in charting of query result sets and customizable dashboards.",https://azure.microsoft.com/
Microsoft Azure DevOps Services,Microsoft,Azure,DevOps Services,Commercial-off-the-Shelf (COTS),20b556d0-7aa0-11e6-2a04-005056976851,Software development and team collaboration portal.,https://azure.microsoft.com/en-us/services/devops/
Microsoft Azure Pipelines,Microsoft,Azure,Pipelines,Commercial-off-the-Shelf (COTS),2b0db520-9718-11eb-678f-005056bd83df,Azure Pipelines automatically builds and tests code projects to make them available to others. It works with just about any language or project type. Azure Pipelines combines continuous integration (CI) and continuous delivery (CD) to constantly and consistently test and build your code and ship it to any target.,https://azure.microsoft.com/
Microsoft Bing bar,Microsoft,,Bing bar,Commercial-off-the-Shelf (COTS),0968b921-1a1b-11ec-678f-005056bd83df,"Bing Bar is a toolbar for Windows Internet Explorer that integrates with the Microsoft Bing search engine. You can use Bing Bar to search for videos, news, and maps.",https://support.microsoft.com/
Microsoft CRM,Microsoft,Dynamics,CRM,Commercial-off-the-Shelf (COTS),f37d73f0-8777-11e3-74c2-005056975ac8,,https://dynamics.microsoft.com/en-us/crm/what-is-crm/
Microsoft Data Studio,Microsoft,Azure,Data Studio,Commercial-off-the-Shelf (COTS),94469780-b46d-11e9-4383-005056bd33fb,"Azure Data Studio is a cross-platform database tool for data professionals using the Microsoft family of on-premises and cloud data platforms on Windows, MacOS, and Linux.",https://docs.microsoft.com/en-us/sql/azure-data-studio/what-is?view=sql-server-2017
Microsoft Edge,Microsoft,,Edge,Commercial-off-the-Shelf (COTS),14a6e3d1-e29b-11e8-4383-005056bd33fb,Microsoft Web Browser,https://www.microsoft.com/
Microsoft Excel,Microsoft,Office,Excel,Commercial-off-the-Shelf (COTS),707f6ea2-52d8-11e3-74c2-005056975ac8,Spreadsheet application in Microsoft Office,https://www.microsoft.com/
Microsoft Identity Manager (MIM),Microsoft,,Identity Manager (MIM),Commercial-off-the-Shelf (COTS),27433c30-94eb-11e3-74c2-005056975ac8,,https://www.microsoft.com
Microsoft Internet Explorer,Microsoft,,Internet Explorer,Commercial-off-the-Shelf (COTS),d0cb2700-9805-11e3-74c2-005056975ac8,Microsoft Web Browser,https://www.microsoft.com/
Microsoft Office,Microsoft,Office,Office,Commercial-off-the-Shelf (COTS),707f6ea0-52d8-11e3-74c2-005056975ac8,"Suite of Microsoft software including Word, Excel, PowerPoint, Outlook, ect.",https://www.microsoft.com/
Microsoft Open XML SDK,Microsoft,,Open XML SDK,Commercial-off-the-Shelf (COTS),4662e340-10df-11ec-678f-005056bd83df,,https://www.microsoft.com/
Microsoft Outlook,Microsoft,Office,Outlook,Commercial-off-the-Shelf (COTS),5392f430-796e-11e3-74c2-005056975ac8,"Outlook includes an email client, calendar, address/contact book and task manager. The personal information manager is mainly used for emailing and can be used in integration with a Microsoft SharePoint server to share documents, calendars and information within an organization.",https://www.microsoft.com/
Microsoft Planner,Microsoft,,Planner,Commercial-off-the-Shelf (COTS),b627cab0-9be4-11e8-4383-005056bd33fb,,https://products.office.com/en-us/business/task-management-software
Microsoft Power BI,Microsoft,Power BI,Power BI,Commercial-off-the-Shelf (COTS),1d3e5ad0-75a9-11ea-4383-005056bd33fb,BI dashboarding,https://powerbi.microsoft.com
Microsoft PowerPoint,Microsoft,Office,PowerPoint,Commercial-off-the-Shelf (COTS),f8178520-f0d8-11e3-74c2-005056975ac8,,https://www.microsoft.com/
Microsoft Project,Microsoft,Office,Project,Commercial-off-the-Shelf (COTS),222e4f50-b6ab-11e3-74c2-005056975ac8,Project Management Software,https://www.microsoft.com/
Microsoft SharePoint Online,Microsoft,SharePoint,SharePoint Online,Commercial-off-the-Shelf (COTS),00cd7110-8d86-11eb-678f-005056bd83df,Web application framework and platform that integrates content and document management.,https://www.microsoft.com/
Microsoft Snipping Tool,Microsoft,,Snipping Tool,Commercial-off-the-Shelf (COTS),159b0340-bfd1-11e7-4383-005056bd33fb,Screen image capture,https://www.microsoft.com/
Microsoft SQL Server,Microsoft,SQL Server,SQL Server,Commercial-off-the-Shelf (COTS),0d4af6a3-53a6-11e3-74c2-005056975ac8,,https://www.microsoft.com/
Microsoft SQL Server Reporting Services,Microsoft,SQL Server,Reporting Services,Commercial-off-the-Shelf (COTS),bdce13b2-8392-11e3-74c2-005056975ac8,,https://www.microsoft.com/
Microsoft System Center,Microsoft,,System Center,Commercial-off-the-Shelf (COTS),53bd0f70-a576-11e3-74c2-005056975ac8,,https://www.microsoft.com/
Microsoft System Center Orchestrator,Microsoft,,System Center Orchestrator,Commercial-off-the-Shelf (COTS),d9da8f30-94f3-11e3-74c2-005056975ac8,"Orchestrator is a workflow management solution for the datacenter. Orchestrator lets you automate the creation, monitoring, and deployment of resources in your environment.",https://www.microsoft.com/
Microsoft Teams,Microsoft,,Teams,Commercial-off-the-Shelf (COTS),1b512431-9a16-11e7-2a04-005056976851,Team collaboration and chat workspace.,https://products.office.com/en-us/microsoft-teams/group-chat-software
Microsoft Visio,Microsoft,Office,Visio,Commercial-off-the-Shelf (COTS),e4c20050-b06d-11e3-74c2-005056975ac8,Project flow chart and design tool,https://www.microsoft.com/
Microsoft Visual C++,Microsoft,,Visual C++,Commercial-off-the-Shelf (COTS),6806c5f0-1a46-11ec-678f-005056bd83df,,https://www.microsoft.com/
Microsoft Visual Studio,Microsoft,Visual Studio,Visual Studio,Commercial-off-the-Shelf (COTS),dbae9130-95ca-11e3-74c2-005056975ac8,Microsoft IDE for software development,https://www.microsoft.com/
Microsoft Word,Microsoft,Office,Word,Commercial-off-the-Shelf (COTS),707f6ea4-52d8-11e3-74c2-005056975ac8,Word processing application,https://www.microsoft.com/
Milliman Integrate One,Milliman,,Integrate,Commercial-off-the-Shelf (COTS),74d20ff0-ac10-11eb-678f-005056bd83df,Financial asset liability modeling and projection software.,https://integrate.milliman.com/en
Milliman MG-ALFA,Milliman,,MG-ALFA,Commercial-off-the-Shelf (COTS),ed6acc50-9803-11e3-74c2-005056975ac8,Financial asset liability modeling and projection software.,https://www.milliman.com/en
Milliman MG-Triton,Milliman,MG-Triton,MG-Triton,Commercial-off-the-Shelf (COTS),40185f50-793a-11e3-74c2-005056975ac8,Actuarial valuation system that calculates policy reserves.,http://www.milliman.com/mgtriton/
MochaSoft TN3270,MochaSoft,,TN3270,Commercial-off-the-Shelf (COTS),4a0a2150-8778-11e3-74c2-005056975ac8,3270 Terminal Emulation,https://mochasoft.dk/
MongoDB MongoDB,MongoDB,,MongoDB,Commercial-off-the-Shelf (COTS),e2469a30-73db-11e8-4383-005056bd33fb,,https://www.mongodb.com/
Mozilla Firefox,Mozilla,,Firefox,Commercial-off-the-Shelf (COTS),cbe64660-606f-11e4-74c2-005056975ac8,,https://www.mozilla.org/en-US/firefox/
Node.js Foundation Node.js,Node.js Foundation,,Node.js,Commercial-off-the-Shelf (COTS),7a235130-6887-11ea-4383-005056bd33fb,,https://nodejs.org/
Nuance Dragon for PC,Nuance,Dragon,Dragon for PC,Commercial-off-the-Shelf (COTS),4e7443f0-5bb8-11e4-74c2-005056975ac8,Speech recognition software.,https://www.nuance.com
Nuance PDF (Portable Document Format) Create!,Nuance,ScanSoft,PDF (Portable Document Format) Create!,Commercial-off-the-Shelf (COTS),34709377-688a-11ea-4383-005056bd33fb,,https://www.nuance.com/dragon.html
ODG Online Disability Guidelines (ODG) API,ODG,,Online Disability Guidelines (ODG) API,Commercial-off-the-Shelf (COTS),b6719610-fca9-11e8-4383-005056bd33fb,,https://www.mcg.com/odg/
Office Timeline Office Timeline,Office Timeline,,Office Timeline,Commercial-off-the-Shelf (COTS),18f54471-2b82-11e8-4383-005056bd33fb,Create timelines inside PowerPoint.,https://www.officetimeline.com/
OpenText xPression,OpenText,Document Sciences,xPression,Commercial-off-the-Shelf (COTS),b0e77630-793a-11e3-74c2-005056975ac8,Automates generation of customized and personalized multichannel communications.,https://www.opentext.com/
Oracle Accounts Payable,Oracle,,Accounts Payable,Commercial-off-the-Shelf (COTS),227f186b-9d86-11e3-74c2-005056975ac8,,https://www.oracle.com/index.html
Oracle Business Intelligence (BI),Oracle,Business Intelligence,Business Intelligence (BI),Commercial-off-the-Shelf (COTS),0cb5b0f0-126a-11ec-678f-005056bd83df,Business intelligence platform,https://www.oracle.com/index.html
Oracle Business Process Management (BPM),Oracle,,Business Process Management (BPM),Commercial-off-the-Shelf (COTS),71eec5a1-200f-11e5-2a04-005056976851,Business Process Management,https://www.oracle.com/index.html
Oracle Database,Oracle,Database,Database,Commercial-off-the-Shelf (COTS),0d4af6a1-53a6-11e3-74c2-005056975ac8,,https://www.oracle.com/index.html
Oracle Fusion Middleware,Oracle,,Fusion Middleware,Commercial-off-the-Shelf (COTS),22e18ab0-a48c-11e3-74c2-005056975ac8,,https://www.oracle.com/index.html
Oracle General Ledger,Oracle,,PeopleSoft General Ledger (GL),Commercial-off-the-Shelf (COTS),227f186d-9d86-11e3-74c2-005056975ac8,,https://www.oracle.com/index.html
Oracle Integration Broker,Oracle,,PeopleSoft Integration Broker,Commercial-off-the-Shelf (COTS),aa5418b1-8e52-11e7-2a04-005056976851,Oracle's Integration Broker is a leading integration gateway that serves PeopleSoft Applications. Integration Broker is ideal for PeopleSoft customers that want to share information between PeopleSoft Applications or connect to PeopleSoft Applications using standards based integration technology including JMS or Web Services. PeopleSoft Integration Broker is delivered as part of PeopleTools and is available to all PeopleSoft Applications.,https://www.oracle.com/index.html
Oracle Java Runtime Environment (JRE),Oracle,,Java Runtime Environment (JRE),Commercial-off-the-Shelf (COTS),a8ccd8c1-1c1b-11e5-2a04-005056976851,Runtime environment for Java programs.,https://www.oracle.com/index.html
Oracle MySQL,Oracle,MySQL,MySQL,Commercial-off-the-Shelf (COTS),9d010161-53bd-11e3-74c2-005056975ac8,Database management software,https://www.oracle.com/index.html
Oracle PeopleSoft Enterprise (Suite),Oracle,,PeopleSoft Enterprise (Suite),Commercial-off-the-Shelf (COTS),7621a4e0-7939-11e3-74c2-005056975ac8,"Financial management platform that includes general ledger, procurement, accounts payable and receivable, asset and cash management capabilities.",https://www.oracle.com/index.html
Oracle PeopleTools,Oracle,,PeopleTools,Commercial-off-the-Shelf (COTS),af68ddf1-8e51-11e7-2a04-005056976851,"PeopleSoft PeopleTools provides a comprehensive development toolset that supports the development and runtime of PeopleSoft applications. By leveraging metadata and other efficiencies within the toolset, application developers build and customize the PeopleSoft applications quickly and easily.",https://www.oracle.com/index.html
Oracle Policy Automation,Oracle,(Enterprise) Policy Automation,Oracle Policy Automation,Commercial-off-the-Shelf (COTS),cd560060-8520-11e3-74c2-005056975ac8,Oracle Business Rules Engine,https://www.oracle.com/index.html
Oracle Workforce Planning,Oracle,,Workforce Planning,Commercial-off-the-Shelf (COTS),d3b473f4-9b29-11e3-74c2-005056975ac8,,https://www.oracle.com/index.html
"Pdfsam Project, The PDFsam Basic","Pdfsam Project, The",,PDFsam Basic,Commercial-off-the-Shelf (COTS),bd309c60-8afd-11ea-4383-005056bd33fb,"Split, merge, rotate, mix and extract pages from PDF files with PDFsam Basic , free and open source, at home or at work . Your PDF documents stay private on your computer, no need to upload them to a third party service",https://pdfsam.org/
Pervasive Software PSQL,Pervasive Software,,PSQL,Commercial-off-the-Shelf (COTS),7c4c69e1-3583-11e7-2a04-005056976851,Database Management System (DBMS) optimized for embedding in applications and packaged software applications.,http://www.pervasive.com/
Phire Architect,Phire,,Architect,Commercial-off-the-Shelf (COTS),da365090-c3ad-11e6-2a04-005056976851,Peoplesoft Version Control and Change Mangement,http://www.phire-soft.com/
PKWARE PKZIP for Desktop,PKWARE,PKZIP,PKZIP for Desktop,Commercial-off-the-Shelf (COTS),afffad61-6df7-11ea-4383-005056bd33fb,,https://www.pkware.com/
Planview Enterprise One,Planview,,Enterprise One,Commercial-off-the-Shelf (COTS),13bd25e0-1d80-11e4-74c2-005056975ac8,Enterprise project management and time tracking.,http://www.planview.com/products/planview-enterprise/
Planview Projectplace,Planview,,Projectplace,Commercial-off-the-Shelf (COTS),d771bf00-1cbe-11e8-4383-005056bd33fb,"Team collaboration, project and task management.",http://www.planview.com/products/projectplace/
Prezi Prezi (Prezi Business) Plus,Prezi,,Prezi (Prezi Business),Commercial-off-the-Shelf (COTS),46ae9831-a59c-11ea-4383-005056bd33fb,Presentation software.,www.prezi.com
Progress OpenEdge,Progress,OpenEdge,OpenEdge,Commercial-off-the-Shelf (COTS),0d4af6a2-53a6-11e3-74c2-005056975ac8,,https://www.progress.com/
Progress Test Studio,Progress,,Test Studio,Commercial-off-the-Shelf (COTS),20172271-1d13-11e6-2a04-005056976851,,https://www.progress.com/
QlikTech International QlikView,QlikTech International,,QlikView,Commercial-off-the-Shelf (COTS),480cfe91-5df3-11ec-678f-005056bd83df,Qlik data analytics,http://www.qlik.com/us/products/qlikview
Qtrac DiffPDF,Qtrac,,DiffPDF,Commercial-off-the-Shelf (COTS),8c2eb851-8864-11e9-4383-005056bd33fb,"DiffPDF shows pairs of pages from the two PDFs being compared with any differences highlighted. Comparisons can be made based on the text regardless of layout, or based on appearance (which accounts for fonts, colors, layout, diagrams, images, etc.) DiffPDF is cloud-free: it runs on your own computer without the size or page limits of online tools—some customers compare PDFs with thousands of pages.",http://www.qtrac.eu/diffpdf.html
"R Foundation, The Rtools","R Foundation, The",,Rtools,Commercial-off-the-Shelf (COTS),96fe57f1-6e0e-11ea-4383-005056bd33fb,,https://www.r-project.org/foundation/
Rapid7 Metasploit,Rapid7,,Metasploit,Commercial-off-the-Shelf (COTS),f9155990-ca2a-11e3-74c2-005056975ac8,Network Penetration Testing Software,https://www.rapid7.com/
Rapid7 NeXpose (SaaS),Rapid7,,NeXpose,Commercial-off-the-Shelf (COTS),f63e32c0-38cb-11eb-4383-005056bd33fb,Proactively scans network environment for misconfigurations and vulnerabilities and provides guidance for mitigating risk.,https://www.rapid7.com/
Recosoft PDF2ID,Recosoft,,PDF2ID,Commercial-off-the-Shelf (COTS),3e918670-308c-11e9-4383-005056bd33fb,Convert PDF files to Adobe InDesign format.,https://www.recosoft.com
Riverbed Technology SteelCentral Aternity,Riverbed Technology,SteelCentral,Aternity,Commercial-off-the-Shelf (COTS),feccc950-5e17-11e4-74c2-005056975ac8,Aternity Workforce APM monitors the end user experience for application and os performance.,https://www.riverbed.com/index.html
Robyn Promotions,Robyn,,Robyn Promotions,Commercial-off-the-Shelf (COTS),af5a50b1-8419-11e7-2a04-005056976851,Corporate branding promotional items and gifts eCommerce site.,http://robynpromo.com/
Rochester Software Associates SurePDF,Rochester Software Associates,,SurePDF,Commercial-off-the-Shelf (COTS),5ed3acf1-a350-11e5-2a04-005056976851,"SurePDF, RSA's WebCRD PDF Print Driver, solves the problem of getting reliable print-ready PDF files from the desktop (Mac or PC) to the Production Print Center.",https://www.rocsoft.com/SurePDF
Salesforce Einstein,Salesforce,,Einstein,Commercial-off-the-Shelf (COTS),23b06ce3-8e0b-11e9-4383-005056bd33fb,,http://www.salesforce.com
Salesforce Force.com,Salesforce,,Force.com,Commercial-off-the-Shelf (COTS),5cdbb521-e228-11e5-2a04-005056976851,,http://www.salesforce.com
Salesforce Marketing Cloud,Salesforce,,Marketing Cloud,Commercial-off-the-Shelf (COTS),c445c281-1912-11e5-2a04-005056976851,,http://www.salesforce.com
Salesforce Sales Cloud,Salesforce,,Sales Cloud,Commercial-off-the-Shelf (COTS),c4435181-1912-11e5-2a04-005056976851,,http://www.salesforce.com
Salesforce Salesforce,Salesforce,,Salesforce,Commercial-off-the-Shelf (COTS),6234b840-8781-11e3-74c2-005056975ac8,Customer Relationship Management (CRM) for Field Colleagues.,http://www.salesforce.com
Salesforce Service Cloud,Salesforce,,Service Cloud,Commercial-off-the-Shelf (COTS),23adfbe0-8e0b-11e9-4383-005056bd33fb,,http://www.salesforce.com
Salesforce Shield (Salesforce Shield),Salesforce,,Shield (Salesforce Shield),Commercial-off-the-Shelf (COTS),eee2c5e1-c309-11e6-2a04-005056976851,"Salesforce Shield protects your enterprise with point-and-click tools that enhance trust, transparency, compliance, and governance across all of your business-critical apps.",http://www.salesforce.com
SAPIEN Technologies PowerShell Studio,SAPIEN Technologies,,PowerShell Studio,Commercial-off-the-Shelf (COTS),8533e750-6f8b-11ea-4383-005056bd33fb,,https://www.sapien.com/
SAS Institute SAS,SAS Institute,,SAS,Commercial-off-the-Shelf (COTS),6dcd4240-a4ae-11e3-74c2-005056975ac8,,https://www.sas.com/en_us/home.html
Selerix Systems BenefitAgent,Selerix Systems,,BenefitAgent,Commercial-off-the-Shelf (COTS),05fd1bf0-17eb-11ec-678f-005056bd83df,,https://wiki.selerix.com/index.php/BenSelect:Admin:Plan:General#Most_commonly-used_plan_engines
ServiceNow IT Service Management,ServiceNow,,IT Service Management,Commercial-off-the-Shelf (COTS),e31c41f2-f17f-11e7-4383-005056bd33fb,Enterprise/IT Service Management,http://www.servicenow.com
ServiceNow MID Server,ServiceNow,,MID Server,Commercial-off-the-Shelf (COTS),4eeb7d31-08b8-11e7-2a04-005056976851,"The Management, Instrumentation and Discovery (MID) Server facilitates communication and movement of data between the ServiceNow platform and external applications, data sources and services.",http://www.servicenow.com
ServiceNow ServiceNow,ServiceNow,,ServiceNow,Commercial-off-the-Shelf (COTS),bed46e81-c3c7-11e6-2a04-005056976851,Enterprise/IT Service Management,http://www.servicenow.com
ServiceNow Software Asset Management (SAM),ServiceNow,,Software Asset Management (SAM),Commercial-off-the-Shelf (COTS),54f68250-5dc3-11ec-678f-005056bd83df,,http://www.servicenow.com
Slack Technologies Slack,Slack Technologies,,Slack,Commercial-off-the-Shelf (COTS),f6794880-5dda-11ec-678f-005056bd83df,,https://slack.com/
SmartBear Software Ready! API,SmartBear Software,,Ready! API,Commercial-off-the-Shelf (COTS),ed70e950-6f9d-11ea-4383-005056bd33fb,,https://smartbear.com/
SmartBear Software soapUI,SmartBear Software,,soapUI,Commercial-off-the-Shelf (COTS),4b2b1260-a93d-11e3-74c2-005056975ac8,"SOA, Web Service Test Tool for SOAP, REST, HTTP, JMS, etc.",https://smartbear.com/
SmartBear Software TestComplete,SmartBear Software,TestComplete,TestComplete,Commercial-off-the-Shelf (COTS),f650c1e1-d73e-11e5-2a04-005056976851,"TestComplete Platform acts as a backbone for our Web Automation Tool, Desktop Testing Tool, and Mobile Application Automation Tool.",https://smartbear.com/
Software AG ARIS Platform,Software AG,ARIS,Platform,Commercial-off-the-Shelf (COTS),9d4b0d20-1d78-11e4-74c2-005056975ac8,,https://www.softwareag.com/corporate/default.html
Software AG Entire Connection,Software AG,Entire,Connection,Commercial-off-the-Shelf (COTS),f19fa0d0-900a-11e3-74c2-005056975ac8,Mainframe FTP Software,https://www.softwareag.com/corporate/default.html
Software AG Integration Platform,Software AG,,Integration Platform,Commercial-off-the-Shelf (COTS),e9569f46-81ec-11e3-74c2-005056975ac8,"A standards-based enterprise service bus (ESB) that integrates technologies from any vendor, including ERP systems, databases, mainframes and legacy apps, SaaS platforms, Web services, Java  Message Service and packaged apps.",https://www.softwareag.com/corporate/default.html
SonarSource Sonarqube 8 (8.5) Developer,SonarSource,,Sonarqube,Commercial-off-the-Shelf (COTS),2f0ee7b0-777f-11eb-678f-005056bd83df,"Automatic code review tool to detect bugs, vulnerabilities, and code smells in your code.",https://www.sonarqube.org/
SourceGear DiffMerge,SourceGear,,DiffMerge,Commercial-off-the-Shelf (COTS),a0e8f9c0-7032-11ea-4383-005056bd33fb,"DiffMerge is an application to visually compare and merge files on Windows, OS X and Linux.",https://sourcegear.com/
Sovos Compliance WINGS Financial Reporting,Sovos Compliance,Eagle Technology Management (ETM),WINGS Financial Reporting,Commercial-off-the-Shelf (COTS),bafcac00-dd68-11ea-4383-005056bd33fb,Insurance statutory reporting.,https://sovos.com/
Sprout Social Sprout Social,Sprout Social,,Sprout Social,Commercial-off-the-Shelf (COTS),52d97ec0-be52-11e6-2a04-005056976851,Social media management platform,http://sproutsocial.com
Swimlane Swimlane Platform,Swimlane,,Swimlane Platform,Commercial-off-the-Shelf (COTS),6c52a7e0-dddc-11e8-4383-005056bd33fb,,https://swimlane.com
Syncsort Trillium,Syncsort,,Trillium,Commercial-off-the-Shelf (COTS),e9810a90-8521-11e3-74c2-005056975ac8,,http://www.syncsort.com
TechnoSolutions TopTeam Analyst,TechnoSolutions,,TopTeam Analyst,Commercial-off-the-Shelf (COTS),1ebef7e1-ed17-11e4-2a04-005056976851,Business Process and Requirements lifecycle management software.,https://www.technosolutions.com/
TechSmith Camtasia,TechSmith,,Camtasia,Commercial-off-the-Shelf (COTS),8b9abb21-c140-11e6-2a04-005056976851,Video editor and screen recorder.,https://www.techsmith.com/video-editor.html
TechSmith Morae,TechSmith,,Morae,Commercial-off-the-Shelf (COTS),8b67dc30-e6a6-11e9-4383-005056bd33fb,,https://www.techsmith.com/morae.html
TechSmith Snagit,TechSmith,,Snagit,Commercial-off-the-Shelf (COTS),71576dc0-15e5-11e9-4383-005056bd33fb,,https://www.techsmith.com/screen-capture.html
Thomson Reuters eForm RS,Thomson Reuters,,eForm RS,Commercial-off-the-Shelf (COTS),57d32e80-ec40-11e8-4383-005056bd33fb,,https://checkpoint.riag.com/
Thomson Reuters OneSource,Thomson Reuters,,OneSource,Commercial-off-the-Shelf (COTS),775b7a71-3adf-11e5-2a04-005056976851,"Tax reporting and compliance service for 1042-S, 1099-DIV, 1099-INT, 1099-MISC, 1099-R, 1099-SA, 5498, 5498-SA, W-2 reporting",https://tax.thomsonreuters.com/products/brands/onesource/
Tom Brennan Software Vista tn3270,Tom Brennan Software,,Vista tn3270,Commercial-off-the-Shelf (COTS),111e2e30-8779-11e3-74c2-005056975ac8,Terminal emulator,https://www.tombrennansoftware.com/
"TortoiseSVN team, The TortoiseSVN","TortoiseSVN team, The",,TortoiseSVN,Commercial-off-the-Shelf (COTS),14f87070-98b7-11e3-74c2-005056975ac8,Subversion control from Microsoft Windows Explorer.,https://tortoisesvn.net/
Transformations Uluro,Transformations,,Uluro,Commercial-off-the-Shelf (COTS),9c49ac50-d9c8-11e7-4383-005056bd33fb,,http://www.uluro.com/
Twitter Twitter,Twitter,,Twitter,Commercial-off-the-Shelf (COTS),e836bef1-3600-11e5-2a04-005056976851,Social networking channel.,https://twitter.com/amfidelity
UiPath Platform,UiPath,Platform,Platform,Commercial-off-the-Shelf (COTS),5f8eec21-7053-11ea-4383-005056bd33fb,,https://www.uipath.com/
UKG Pro,UKG,,UltiPro,Commercial-off-the-Shelf (COTS),66a720a0-89bd-11e3-74c2-005056975ac8,HR and Payroll Software,https://www.ukg.com/
UKG Ready (Workforce Ready),UKG,,Ready (Workforce Ready),Commercial-off-the-Shelf (COTS),3194bac0-4172-11eb-678f-005056bd83df,"Timekeeping, attendance, and leave of absence management",https://www.ukg.com/
Umbraco Umbraco,Umbraco,,Umbraco,Commercial-off-the-Shelf (COTS),03d8a9c0-8522-11e3-74c2-005056975ac8,An open source content management system (CMS) platform for publishing content on the World Wide Web and intranets.,http://umbraco.com/
Veritas Enterprise Vault Compliance Accelerator,Veritas,Enterprise Vault,Compliance Accelerator,Commercial-off-the-Shelf (COTS),bfa31670-72a8-11ea-4383-005056bd33fb,,https://www.veritas.com/product/information-governance/ediscovery-platform
Veritas Enterprise Vault Discovery Accelerator,Veritas,Enterprise Vault,Discovery Accelerator,Commercial-off-the-Shelf (COTS),bfa31672-72a8-11ea-4383-005056bd33fb,,https://www.veritas.com/product/information-governance/ediscovery-platform
VisualSVN VisualSVN,VisualSVN,,VisualSVN,Commercial-off-the-Shelf (COTS),8575af60-aae2-11e3-74c2-005056975ac8,,https://www.visualsvn.com/
VMware RabbitMQ,VMware,Pivotal,RabbitMQ,Commercial-off-the-Shelf (COTS),a0f5b9e1-d742-11e5-2a04-005056976851,RabbitMQ is an open source message broker software that implements the Advanced Message Queuing Protocol (AMQP).,https://www.vmware.com/hk/products/pivotal-rabbitmq.html
VMware vRealize Business,VMware,vRealize,Business,Commercial-off-the-Shelf (COTS),f6552110-851e-11ec-0bfe-005056bd83df,,https://www.vmware.com/
VMware vSphere,VMware,vSphere,vSphere,Commercial-off-the-Shelf (COTS),cade1b11-7216-11e7-2a04-005056976851,,https://www.vmware.com/
Wolters Kluwer ATX,Wolters Kluwer,ATX,ATX,Commercial-off-the-Shelf (COTS),a4facbb0-1e3f-11e4-74c2-005056975ac8,"Tax preparation software for small firms, sole practitioners, CPAs and tax accounting small businesses.",https://taxna.wolterskluwer.com/professional-tax-software/atx
WordPress Foundation Wordpress,WordPress Foundation,,Wordpress,Commercial-off-the-Shelf (COTS),06655bd0-8ea9-11e3-74c2-005056975ac8,,https://wordpress.org/
Wrike Project Management,Wrike,,Project Management,Commercial-off-the-Shelf (COTS),90674330-dbb9-11e9-4383-005056bd33fb,Project Management,https://www.wrike.com
wso2 Enterprise Service Bus (ESB),wso2,,Enterprise Service Bus (ESB),Commercial-off-the-Shelf (COTS),57f74943-15c6-11e5-2a04-005056976851,Enterprise Service Bus,http://wso2.com
wso2 Identity Server,WSO2,,Identity Server,Commercial-off-the-Shelf (COTS),e004c683-15c8-11e5-2a04-005056976851,"WSO2 Identity Server provides sophisticated security and identity management of enterprise web applications, services, and APIs, and makes life easier for developers and architects with its hassle-free, minimal monitoring and maintenance requirements. In its latest version, Identity Server acts as an Enterprise Identity Bus (EIB)   a central backbone to connect and manage multiple identities regardless of the standards on which they are based.",http://wso2.com
wso2 wso2 Platform,wso2,,wso2 Platform,Commercial-off-the-Shelf (COTS),8122b0d1-d42d-11e6-2a04-005056976851,,http://wso2.com
Young Consulting ESLOffice,Young Consulting,,ESLOffice,Commercial-off-the-Shelf (COTS),31aaa2a1-f6fb-11e7-4383-005056bd33fb,ESLOffice is an integrated workflow software solution designed for carriers and managing general underwriters to underwrite and administer Medical Stop Loss and Group Term Life lines of business.,http://www.youngconsulting.com/esl_office/index.html
Zendesk CRM,Zendesk,,CRM,Commercial-off-the-Shelf (COTS),fd4f8bf0-3db0-11ec-678f-005056bd83df,,https://www.zendesk.com/
